Key,Value
transfer,25556742
unknown,20644635
_SIMONdotBLACK_,6077018
setApprovalForAll,2768784
multicall,2566127
atomicMatch_,2257547
swapExactETHForTokens,2166813
swapExactTokensForTokens,1502947
mint,1276387
swapExactTokensForETH,1212165
swap,968173
transferFrom,949487
deposit,874781
swapETHForExactTokens,755750
safeTransferFrom,701022
execute,629336
cancelOrder_,601769
OwnerTransferV7b711143,568604
sendMultiSig,343503
claim,319262
stake,317283
unoswap,275859
exactInputSingle,274912
transmit,274330
sweep,257366
swapTokensForExactTokens,228725
createForwarder,226733
flushForwarderTokens,210925
depositEthFor,196121
getReward,180870
sendMultiSigToken,178079
commit,167329
split,160196
cat642998653,146624
registerWithConfig,140501
registerProxy,135272
proxiedSwap,128978
depositEtherFor,124992
depositETH,124852
swapExactTokensForTokensSupportingFeeOnTransferTokens,122984
execTransaction,116032
sellToUniswap,110509
exactInput,108956
slappychuck_emorxmvrbf,96401
swapExactETHForTokensSupportingFeeOnTransferTokens,91389
withdraw,88295
QKJ0gRzrmgZzBLWm,85652
transferERC20,84370
stakeStart,64949
removeLiquidityETHWithPermit,64335
purchase,63878
payFee,59763
withdrawERC20For,56890
depositEth,55805
leave,55258
enter,53786
exit,53695
depositFor,48677
MoooZ1089603480,45602
uniswapV3Swap,43781
setName,43635
requestAccess,38608
claimAll,36556
stakeEnd,35440
claimReward,34063
bondWithdrawal,33518
transformERC20,32189
sendToL2,30903
unstake,29859
buy,29402
createReserveAuction,29037
safeBatchTransferFrom,25184
bhijdgacekf,24206
proxyAssert,23205
burn,22574
depositERC20ForUser,20351
anySwapInAuto,19277
anySwapOutUnderlying,18602
placeBid,17984
mintBatch,16879
addHeaders,15419
mintAndApproveMarket,14352
mintBulk,13757
PassiveIncomeZ4611686019263132612,13736
payAll,13220
InsertCoolTextZ8301034834361545146,12418
mintToken,12407
claimVolts,11259
optimalSwap,11251
payout,10396
exchange,9725
updateReserveAuction,9666
AmIYoinkZ5534023222657174543,9476
validateTransactionProofV1,9021
swapETH,7100
allowlistMint,6221
mintPublic,5929
minerStart,5862
invoke,5653
toRFQ,5335
executeMetaTx,4893
transform,4875
validateTransactionProofV2,4218
relay,4214
buyERC721,4137
mintAllowlist,3925
t,3912
sendToCosmos,3547
claimFree,3512
PassiveIncomeZ1844674407943085575,3445
createNFTCollection,3427
renewAll,3287
allocateFrom,3252
claimAirdrop,3200
toggleNesting,3165
mintNFT,3030
PacmanMultisigBackedByParadigm116974272,3018
presaleMint,3003
redeem,2869
register,2640
Mint,2551
maxWhitelistMintAmountPerWallet,2537
deployContracts,2472
hdrnStakeEnd,2384
transferBatch,2323
buyTokens,2305
updateState,2179
atmStart,2164
buyIncubator,2138
swapTokensForExactETH,1978
withdrawBidForPunk,1973
mintWithSignature,1971
kreepyClaimMint,1946
acfTVB,1922
depositGvt,1903
completeTransferAndUnwrapETH,1810
batchClaimRank,1782
hdrnStakeAddCapital,1735
multiListingFill,1698
lock,1671
harvest,1669
bulkClaimTokens,1628
multiAssetSwap,1530
createProfile,1511
purchaseMarketItems,1477
submitBatch,1458
performUpkeep,1379
WeSuck_1933230308,1379
NegativeCredit_2251643616,1284
sendIt,1196
whitelistMint,1175
craft,1160
initializeClaim,1151
farm,1134
create,1109
setMultipleAssetsData,1099
update_valset,1098
callOnExtension,1076
AmIYoinkZ20270084,1043
makeCallsNoThrow,1043
setAdventuresApprovedForAll,1007
createAuction,1005
processRollup,991
startBridgeTokensViaHyphen,990
offchainData,988
batchStake,984
mintAllow,948
cross,944
callUniswap,888
toPause,854
transferERC721s,835
addLiquidity721ETH,820
premiumWhitelistMint,816
sendThroughPortal,816
mintRock,794
createSeries,789
add_liquidity,785
send,776
fillQuoteEthToToken,773
secureMint,737
setStartStakeArray,719
OGMint,711
fillQuoteTokenToEth,700
claimRewards,693
getCreampied,675
pledge,661
mintAllowlistedDecagon,658
liquidate,644
mintPyxis,631
preMint,614
closeAndAllocate,611
addLiquidityPublicPool,588
receiveRequestV2Signed,576
batchRelayMessages,570
batchTransfer,565
mintPresale,547
updateClaim,546
multisendToken,544
softStake,540
pay,535
executeProposal,533
transferToken,533
fillOrders,528
Approve,512
createToken,511
fillQuoteTokenToToken,492
unpledge,485
setPrimaryAddress,482
stakeToInsuranceFund,477
fillBasicERC721Order,473
sendToken,465
addWalletWhiteList,461
mintFromFixedPriceSale,460
stakeLockedCurveLp,453
whitelistSale,449
claimMeth,439
Summon,437
enterQuest,434
MintbyPublic,432
expelFromNest,428
withdrawFromPolygon,425
transfer_iABlJaxlyCyqFbft,421
tradeBySourceAmount,417
increase_amount_and_time,416
upgradeTo_790AA3D,408
setPrice,386
burnMint,385
performDirectAction,382
mint_approved,379
claimTokens,376
setTokenURIPrefix,376
safeMint,375
provideInventory721,370
supplyEth,366
buzzlistAdopt,365
takeFromEcoSystem,361
mintWhitelist,358
renew,358
sendToInjective,356
signatureBasedSafeMint,356
chgedfaibjk,353
withdrawDDXToTrader,351
portalIn,343
swapBridgeToV2,339
unLockNFT,337
exchangeUnderlying,334
safeTransferWhileNesting,334
mintWithToken,332
masterSwap,330
allFaction,327
joinParty,327
generateTeenBull,321
buyWithNative,320
whiteListMint,320
reserve,314
migrateAll,313
sellERC721,313
toggleStocking,312
mintFromMul,310
multipleLock,309
protocolInteraction,308
swapAndRepay,302
buyWithToken,299
claimDistributions,299
withdrawToken,296
unlock,290
exchangeToken,285
matchOrders,282
openPacks,281
mintSimpleCapsule,278
withdrawLockedAndUnwrap,278
airdrop,277
withdrawFromInsuranceFund,274
crossmint,270
mintWithOptix,268
setDataAddress,267
claimDDXFromInsuranceMining,266
AmIYoinkZ514719498,264
ownerMint,263
multimint,262
supply,262
addLore,258
trade,257
preSalesMint,253
depositPwrd,251
claimRefundOnExpire,249
privateMint,247
setDiscordIdentity,244
marketBuyOrdersWithEth,243
startPraying,241
swapAndStartBridgeTokensViaHyphen,240
claimBatch,237
hatch,232
purchaseTicket,230
openAccount,229
claimAndVestRewardsMulti,228
sell,228
allowListMint,224
withdrawReward,223
upgrade,220
voteTransaction,220
subscribe,218
mintOrBurn,214
Reinitialize,207
setSmoothingPoolRegistrationState,207
borrowAsset,206
claimBox,205
openStake,201
mintTo,192
batchMint,191
submit_logic_call,190
batchRestake,189
fillThroughOrionPool,189
combo,186
generateGodBull,184
unStakeNFT,184
deployCloneWallet2WithMultiAuthorizedAddress,182
repay,179
beginStake,178
claimAward,178
multiSendFixedToken,177
voteFor,177
attractBee,167
withdrawToPoint,167
claimMultipleRewards,164
depositETH2,163
submitAndDeposit,163
votePoll,161
akjcbedfhgi,159
settlePositionAndWithdrawMargin,155
createVestingSchedule,154
depositSingle,154
buyTokensOnPresale,152
withdrawAll,152
bulkTransferFrom,151
Deposit,151
setOperator,151
holderMint,150
sendMultiSigBundle,149
payNative,148
plantSeed,147
stakeRPLFor,146
claimFertilized,144
createSoundAndMints,142
swapThroughOrionPool,140
takeNodeReward,138
claimAndRequestDeposit,135
bridge,133
stakeStablecoins,133
release,131
build,130
crossTransfer,130
mintTransaction,130
ogMint,129
whitelist,129
claimByIndex,128
withdrawAsset,128
completeTransfer,127
stakeNfts,126
claimBears,125
withdrawLocked,122
registerNode,121
addManyToRegister,119
batchWrap,119
createSovereignNFTContract,119
cancelNonces,117
sendFrom,117
fillQuoteTokenToEthWithPermit,115
ogWhitelistMint,115
Drop,114
EtherPay,114
setTokenBrewingState,114
notifyDeposit,113
addLock,112
queueExtraction,112
unstakeByIds,111
ClaimTokens,110
airdropUNO,109
mintHero,109
mintWithAuthorization,108
burnFrom,106
transferTicketRefundIfCancelled,105
anyExec,104
transferOutAndCall,103
saleMint,102
claimToken0,101
lockAdditionalCurveLp,101
mintCurlies,101
requestPurchase,101
checkTickets,100
icsaStakeEnd,100
recallCOMICS,100
claimScales,99
initializeLoan,99
reserveRaffleProjectSpot,99
claimMint,98
burnToMint,97
claimAllRewards,96
crossIn,96
mintFree,96
redeemMultipleFromTree,96
redeemAtomic,94
addInvestmentToProject,93
bridgeTransfer,93
buyTicket,93
registerFor,93
transferTimeLockedTokensAfterTimePeriod,93
unwind,93
withdrawNFT,93
mintFighters,92
multimintAT,91
burnKeys,89
remove_liquidity,89
setDGFactory,88
setCustomDescription,87
addToAllowList,85
mintToAL,85
run,85
addLiquidity,83
mintCommunity,82
unwindPairs,82
vaultCallOnContract,81
changeAdmin_277BB5030,80
setRules,80
batchExec,79
claimPackMint,79
collectProfit,79
commitNextOption,79
createWrapped,79
ijekfhacdgb,79
initialiseFeeDistributor,79
claims,78
loop,78
rolloverWithMint,78
toggleHibernation,78
Transfer_,78
lockStaking,77
redeemMany,77
attestToken,76
publicMintFree,76
depositToken,75
depositTempleFor,74
unstakeToken,73
sendFixed,72
addCollateral,71
sendToEcoSystem,71
rebalance,70
swapAndPurchase,70
upgradeFlower,70
boostBee,69
rolloverLoan,69
setOpened,69
withdrawFromStream,69
setPending,68
unstakeAndDepositIntoVault,68
RenounceOwner,67
setenableTrading,67
accessMint,66
makeOrder_,66
safeTransferWhileBrewing,66
buyERC1155,65
buyMergeOrb,65
stakeMultiple,65
stakeWith180Days,65
batchStakeFlowerFamFlowers,64
setEndStakeArray,64
submitRewards,64
updatePositionMargin,64
zMintNewNew,64
addToWhitelist,63
buyJay,63
DoProposalBurn,63
repayAsset,62
submitMerkleRoot,62
whitelistmint,62
claimAtomic,61
lockAtomic,61
mintAction,61
transferERC721,61
upgradeMint,61
erc20Airdrop,60
mint_WalletLimit,60
mintVerificationToken,60
multiPayoutToken,60
applyTraitsToToken,59
claimAllWithoutClosing,59
claimMany,59
EnterGame,59
mintAndSell1155,59
settleAuction,59
unstakeNfts,59
createOrder,58
crystalMutationMint,58
freeMint,58
PurchasePass,58
setDefaultName,58
buyItems,57
enterWithUnderlying,57
claimRewardStaked,56
focusSeriesBundle,56
openGacha,56
batchAirdrop,55
bulkClaimRank,54
buyERC721Ex,53
queue,53
sugma,53
swapMultiWithRecipient,53
updateValset,53
withdrawAllWithBonus,53
batchUnstakeFlowerFamFlower,52
initializeAndClaim,52
setBothFees,52
claimWithInitializable,51
mintWallet,51
redeemTokensOf,51
teamMint,51
transferItems,51
mintApe,50
mintMulti,50
singleCardSale,50
buyRadioactiveDynamite,49
buySingleAuction,49
completeWithdrawal,49
multisendTokenForBurners,49
publicMint,49
createProtonForSale,48
initialize,48
deploy_metapool,47
rebalanceOne,47
observe,46
batchStakeNewGenerationFlower,45
claimFromVaultAsCvx,45
set_blk,45
updatePolicySettingsForFund,45
claimPandaTokens,44
createNewNFT,44
createVesting,44
smash,44
unSoftStakeWith,44
Airdrop,43
completeOffer,43
withdrawFromStreamAndStake,43
ClaimDevil,42
craftItemBatch,42
redeemSharesForSpecificAssets,42
toSend,42
autoCompound,41
deposit_and_stake,41
esemblSNAK,41
feeRewards,41
mintAllowList,41
transferSeed,41
addMember,40
expelFromStock,40
WLsaleMint,40
distributePayoutsOf,39
eagleEyeHunt,39
genesis,39
safeMintMany,39
flashStake,38
withdrawDeposits,38
addMethod,37
pushData,37
update,37
wlDeposit,37
claimNFT,36
claimWithoutClosing,36
depositFromCrv,36
fillAuctionWithAmount,36
rover,36
setAllowAddressToContract,36
adminMint,35
attachBeeToFlower,35
claimFromVaultAsEth,35
createUpgradeableLockAtVersion,35
crossChainStake,35
setPresaleAccessList,35
smgRelease,35
startExitWithBurntTokens,35
updateRewarder,35
vestingLock,35
addUserDetails,34
marginCall,34
multiPayoutEth,34
sendClaimable,34
setTokenHash,34
swapAndBridgeOut,34
buyEdition,33
buyTickets,33
claimCarePackage,33
claimTokenPublic,33
mintWhiteList,33
multiTransferETH,33
redeemMultipleFromShares,33
serumMint,33
castVote,32
claimAndRequestWithdraw,32
harvestRewardsAll,32
mintReserved,32
SCMint,32
set_mark,32
setAttributes,32
updateLockAmount,32
accept_transfer_ownership,31
createVault,31
fillQuoteTokenToTokenWithPermit,31
interruptTokenBrewing,31
liquidatePosition,31
markBoughtEarly,31
onboardEth,31
requestRandomNumber,31
safePublicMint,31
TestLHlYaF,31
transferErc20,31
airDropMany,30
batchAirdropNFT,30
createNewFund,30
processExitData,30
removeLimits,30
removeLiquidityETHSupportingFeeOnTransferTokens,30
speedUpDeposit,30
tokenDropDirect,30
tokenIn,30
addTokenPair,29
multiRoute,29
purchaseWithName,29
queenBeenAdopt,29
setLimit,29
setPoolRewardPerSecond,29
standardTansfer,29
swapIN,29
BNB_back_WL,28
claimFromVaultViaUniV2EthPair,28
createType,28
editOrder,28
equip,28
payWithToken,28
redeemSnapshotRewards,28
safeTransferWhileStocking,28
submitLogicCall,28
_unstakeMany,27
cancel,27
configfree_max_supply,27
createCollectible,27
crossmintMint,27
deploy_gauge,27
deployContract,27
tear,27
upgradeToAndCall_23573451,27
addInternalBalance,26
batchUnstake,26
buyPresale,26
linkIdentity,26
requestBridge,26
blacklistmany,25
buyWithStableCoin,25
castRefundableVote,25
claimFromDistributorViaUniV2EthPair,25
createLoan,25
extractRewards,25
giftIndividualNFT,25
pausePosition,25
setEnsNamePartsFor,25
swapAndStartBridgeTokensViaCBridge,25
claimToIntermediary,24
processWithdrawal,24
sellBezelNft,24
setAllowance,24
setArtCode,24
setAttributesIssuer,24
verifyNFTPresenceBeforeStart,24
withdrawDeposit,24
addPlugin,23
claimOwedShares,23
claimUnclaimed,23
createNewNftAuction,23
mintWrappedToken,23
startBridgeTokensViaCBridge,23
takeOrder_,23
uWjK9,23
addAddressesToWhiteList,22
airdropNFT,22
cancelByNonce,22
depositNFTs,22
depositWithSignature,22
joinRuffle,22
mintKicks,22
mintManyAddress,22
multiTransferEtherEqual,22
setWhiteLists,22
transferDeposit,22
transferExMulti,22
alchemy,21
attackBean,21
decreaseLiquidityAndCollect,21
deploy_plain_pool,21
deployClones,21
harvestERC1155Airdrop,21
initSwapStarForETH,21
propose,21
revokeTier1,21
setMetadataOf,21
TriggerAutomatedWattsRelease,21
batchClaimMintReward,20
batchUnstakeIndex,20
changeZonePrice,20
createDrop,20
devMintMultiple,20
getGladiator,20
instantiateLP,20
mint_noWalletLimit,20
MintNFT,20
publicIsActive,20
raid,20
setTier,20
transportMany,20
WL1mint,20
addLiquidity1155ETH,19
airdropByOwner,19
airdropNfts,19
bridgeWethToOvm,19
bulkBurn,19
claimCheeth,19
earlyPurchase,19
fillBatchSignedERC721Order,19
Launc,19
load,19
migrateLockedStakes,19
mintCards,19
rebalanceUniV3Vaults,19
removeLiquidity,19
resumePosition,19
routerCallNative,19
safeMintBatch,19
set,19
setResolverAndTTL,19
updateMxTxnAmount,19
withdraw_usdc,19
bulkCommit,18
fixURI,18
Pledge,18
roundStart,18
saftMintWithIds,18
setRoundRelays,18
setTokenHolderEquivalent,18
smgMintNFT,18
transfer_WalletLimit,18
whiteListMany,18
airdropNativeCurrency,17
Announcement,17
claimToken,17
createNFTDropCollection,17
listAsset,17
marketingWallet,17
setAdapter,17
setBBots,17
setTokenUnlockTimestamp,17
startNewEpoch,17
transferDeposits,17
updateSellFee,17
claimFromDistributorAsEth,16
closeAllocationMany,16
closeQuestPeriod,16
coinIn,16
createStake,16
createStrategy,16
createVoxelFree,16
dumpFactory,16
exitMany,16
lockLonger,16
ManageFee,16
mintOther,16
obtainERC1155,16
packSale,16
paidMint,16
puchaseBooster,16
query,16
registerChainlinkAsset,16
routerCall,16
setAddressBlocked,16
setDurationParam,16
setNewbaseURI,16
setPreSaleWhitelist,16
setWalletsauthorized,16
stakeTracker,16
submitProposal,16
swapAndBridgeOutNativeToken,16
transferBulk,16
updateSaleState,16
withdraw_and_create_lock,16
withdrawCollateral,16
buyERC1155Normal,15
changeAccountStatus,15
claimPendingRewards,15
claimStakingAchievement,15
claimWithdraw,15
createSingleAuction,15
delegatecall,15
initializeLoanWithItems,15
makeItemMintable,15
mintSelected,15
recipientMint,15
restake,15
setProcessCost,15
spendScrap,15
updateConfig,15
updateWithdrawSplit,15
vestedTransfer,15
xcallIntoLocal,15
addMultipleMerkleRoot,14
adjustOracleCardinality,14
batchDeposit,14
batchRecallCOMICS,14
burnPairs,14
buyNft,14
createCustomERC20,14
createTrustList,14
dividend,14
fuse,14
makeWithdrawRequest,14
Manage,14
migrateToV2,14
mintNFTDomain,14
newSale,14
payMultiple,14
provideLiquidityAndDeposit,14
refreshTokenBundle,14
registerNft,14
setCancelledSignature,14
setIntegratorInfo,14
setSwapAndSendFeeEnabled,14
setUInt256,14
setVaultAssets,14
sleeping,14
transferETHToOwnerIfCompleted,14
transferUsdt,14
withdrawInstantly,14
addLockup,13
addToken,13
admin_mint,13
beingOutAcademy,13
claimBurgers,13
claimFromDistributorAsCvx,13
claimPooPoos,13
cloneAndInit,13
deposit2,13
depositAndBridgeOut,13
helloSecureumDSS2989424244,13
mintPassMint,13
refundPhasePledger,13
releaseBeeFromFlower,13
reveal_all_poobs,13
setBodyTypeOverride,13
setDeniedMany,13
setDeployment,13
setup,13
swapExactFTMForTokens,13
synthesize,13
transferNFTToWinnerIfCompleted,13
cacheAssetPrice,12
changeStatus,12
claimAndNotifyAll,12
claimComicBundle,12
claimOwedAssets,12
createSale,12
createWager,12
depositFromEth,12
endRound,12
exchangeEthAndBuyShares,12
memberMint,12
mintOg,12
multiMintWithN,12
multiSendDiffToken,12
outboundTransferCustomRefund,12
placeBet,12
placeLimitOrder,12
postPreOrder,12
privateAuctionTickets,12
redeemSharesInKind,12
setDstGas,12
setInvitee,12
setMerkleRootFree,12
setSwapEnabled,12
setupGovernance,12
splitERC20Tokens,12
startBreeding,12
updateBrokerageRate,12
updateLoreMetadataURI,12
withdrawERCTo,12
withdrawTokens,12
addAssetManagers,11
addWhitelistedBatch,11
batchBorrowETH,11
batchEvolve,11
borrowUsdi,11
cancelOrder,11
claimFromDistributorAsUsdt,11
compound,11
createChannelWithFees,11
createLiquidity,11
createWallets,11
enterNextCycle,11
extendMultipleWithVariants,11
mintAndPutOnSale,11
receiveReward,11
registerMessenger,11
setBuyAndSellFeePercent,11
setExchange,11
setNewFeesPercentages,11
setOperational,11
SetTrading,11
setWhitelisted,11
updateDeposits,11
updateWhitelisted,11
withdrawBalancesForAddress,11
withdrawTokenAll,11
accessLPTokens,10
addClaim,10
addOGWhitelist,10
addStakes,10
airdropBatch,10
airdropEth,10
batchSetPrice,10
boostStaking,10
bulkDeposit,10
bulkIsBot,10
BulkSendToken,10
burnWrappedFrom,10
buyBrawlers,10
checkpointReward,10
ClaimFee,10
createIdentity,10
createProxy,10
distributeReservedTokensOf,10
fillBatchSignedERC721Orders,10
initiateRedemptions,10
issueBatch,10
launchArtdrop,10
mintCardsForAddress,10
mintCreator,10
mintKennethisms,10
mintToMany,10
ownerSetInitialDistributionFinished,10
publicPurchase,10
rolloverWithSwap,10
setBeensUrl,10
setERC721Permits,10
setPlatformFee,10
setPresalePerWalletMax,10
setRoots,10
setS,10
setScriptPiece,10
setUnRevealedURL,10
stopPraying,10
superBabiesMint,10
swapSlash,10
swapUSDC,10
testExploit,10
unstakeFlowerFamFlower,10
updateItem,10
upgradeOre,10
withdrawFromMain,10
WithdrawManager,10
wrapManyAndStake,10
zapInToPT,10
addFiatMinter,9
addHeadersWithRetarget,9
batchAddToWhitelist,9
blessEggs,9
buyNFTs,9
callCreate2,9
cancelIfUnsold,9
claimFromVaultAsUsdt,9
claimPerVoxoERC1155,9
createBond,9
createReconfigurationRequest,9
delBBot,9
depositWithPermit,9
disbursePayments,9
flushCommon,9
genesisKeyBatchClaimProfile,9
liquidateAccount,9
manualswap,9
mintMultiple,9
mintPrivate,9
mintToAddress,9
multiSendNativeCoinDiffAmount,9
NeWpEaSant,9
proposeGame,9
revertBurnRequest,9
sell_liq,9
setAllowlistMintEnabled,9
setMinHeartbeat,9
setMiningCoefficient,9
setPostfixURI,9
setSettings,9
stakeAndClaimBonds,9
stakeRewardsAndDistributeFees,9
takeAuto,9
transferEth3,9
_setCompSupplySpeed,8
appendURI,8
bestowTokens,8
bind,8
burnAndMintNewPolymorph,8
buyWeth,8
claimBull,8
claimReserved,8
ClosePOSPool,8
consentAndAgreeToTerms,8
createCampaign,8
createCustomMintableERC20,8
enablePolicyForFund,8
flashSale,8
getRewardBurn,8
harvestOldToken,8
initolduser,8
poolIn,8
rebalanceERC20UniV3Vaults,8
redeemThaler,8
refundPhase,8
registerVaultWithAPS,8
rejectUser,8
resetDomainForToken,8
serveClaims,8
setEnabledNFTs,8
setnumTokensSellToSendEthToDev,8
setTokenMintLimits,8
setValidTokens,8
swapOldForNew,8
ticketMint,8
transferNft,8
transferTokensWithPayload,8
unlockStake,8
addPoolRole,7
airdropToKOL,7
approveTokens,7
borrowAtMaturity,7
buyAndSwap1155,7
callContract,7
claimAlloyxCRWN,7
claimGen0Reward,7
claimLuft,7
contribute,7
createFixedPriceSale,7
createGroup,7
createListing,7
createProcess,7
createSession,7
deployPool,7
depositTokens,7
doZeroExSwap,7
expelFromStake,7
getUnlock,7
initiate,7
investorDeposit,7
issueTokenFor,7
mintFrame,7
mintWithReferrer,7
multimintCD,7
MultiSendETH,7
portfolioDeposit,7
presale,7
proposeAction,7
putOnSale,7
renounceLockOwnership,7
sale,7
set_sp,7
setEndTime,7
setMulBlacklist,7
setNewRound,7
setPresalePerTransactionMax,7
setSellDevFess,7
setSupportedBridges,7
setTokenAndAggregator,7
setTokenInfo,7
setWhitelistSaleMerkleRoot,7
stakeSingleNFT,7
transferNFTToOwnerIfCancelled,7
unstakeBonds,7
unstakeGen0,7
updateIntroduction,7
updateTree,7
addArtistDrop,6
addCoin,6
addListing,6
addsWhiteList,6
airDrop,6
auctionMint,6
batchCommit,6
batchMintTo,6
batchOpenPack,6
beingEnterAcademy,6
borrow,6
bulkAirdrop,6
cancelByMaintainer,6
Change_Mint_Price,6
changeFeeAllocation,6
claimApes,6
claimPack,6
claimPOLLEN,6
claimReturns,6
claimRevenueDistribution,6
cloneDeterministicSimple,6
configureDao,6
createProject,6
deliverReward,6
deploy,6
deployCedarERC721DropV5,6
depositAndBorrow,6
depositFromCvxCrv,6
diamondCut,6
enterVault,6
erc721Airdrop,6
executePayment,6
fullyCollateralisedVTSwap,6
implicitMint,6
lockTokens,6
makinbabies,6
mintingCommon,6
mintOrAddSelfWorthOrUpdateBio,6
multiWhitelist,6
newCronUpkeepWithJob,6
pauseStartSwitch,6
payNativeGasForContractCall,6
personalize,6
publishHash,6
registerAsKeeper,6
releaseWrappedToken,6
remainingSale,6
repayRedeem,6
requestSLI,6
revealCollection,6
sender_,6
setAdoptionlimits,6
setBaseStateURI,6
setBuyFee,6
setBuzzlist,6
setCodeHashBlocked,6
setEarlyAccessCost,6
setIsExcludedFromMaxHold,6
setLiquidityDirection,6
setMintPriceInGWei,6
setOperatorFilter,6
setTokenTargetInfos,6
setUserPreferences,6
signedMint,6
slapeMint,6
smgMint,6
stageDelayedStrategyParams,6
stakeMGDCByIds,6
stamp,6
startAuction,6
StartTrade,6
swapExactETHForTokensSupportingFeeOnTransferTokensCrossChain,6
TeamCollectRemainingETH,6
transfer_WalletLimit1155,6
transferErc20Token3,6
vestedBatchTransfer,6
withdrawLiquidity,6
withdrawNFTs,6
withdrawReturn,6
_editAdminWhitelist,5
addCliffVesting,5
addDeposit,5
addDWL,5
addManyColorsToPalette,5
addNFT,5
addWWL,5
AFMint,5
airdropPOAP,5
airDropRandomToAccounts,5
batchRepayETH,5
batchTransferToSameAddress,5
batchWithdraw,5
buyArcadeTokens,5
buyAssetWithETH,5
cancelByTimestamp,5
changeFee,5
claimFee,5
claimFromDistributorAsUnderlying,5
collectPendingRent,5
collectRubicFee,5
createCollection,5
CreateGame,5
createVendor,5
createVestings,5
custF,5
deployKaliDAO,5
depositGameKey,5
depositToCurveAndStake,5
depositWithoutLP,5
domesticateEagles,5
draw2438054C,5
editLockDescription,5
freemint2,5
fulfillOrder,5
godMint,5
handleChargeFee,5
includeOrExcludeFromMaxTxnLimit,5
legendaryMint,5
manageToken,5
ManualSwap,5
mintAndBuyAsset,5
mintByUser,5
mintDrop,5
mintForOpensea,5
moveFundsFromWallet,5
openBidding,5
ownerMintLoop,5
ownerSetLimitlessAddress,5
ownerUpdateBuyFees,5
processProposal,5
publicMintSecond,5
registerBrokerbot,5
registerCircuit,5
registerPeripheryContract,5
repayUSDi,5
request,5
reserveTeamTokens,5
rewards,5
sendBulkMail,5
sendNft,5
sendTo,5
setAccountExcludedFromFee,5
setAddressApproved,5
setAdoptPhase,5
setAllowlistAddresses,5
setBorrowPaused,5
setCooldownEnabled,5
setCurrentlyMinting,5
setExecutive,5
setLiquidityWhitelist,5
setMerkleRoots,5
setMintConfig,5
setModifier,5
setPerWalletLimit,5
setPoolBatch,5
setPreferredDepositValidatorId,5
setPreferredWithdrawalValidatorId,5
setRaffleMaintenance,5
setSalePhase,5
setSoulOwners,5
setStateVariables,5
setStrategyParams,5
setting,5
signedByServerMint,5
soulIdMint,5
startSession,5
summonMinionAndSafe,5
swapExactTokensForTokensSupportingFeeOnTransferTokensCrossChain,5
sweepNFT,5
teamClaim,5
to,5
transferTokens,5
updateLockDuration,5
updateMarketingWallet,5
updateMaxSellTxLimit,5
usersLocked,5
WithdrawCommission,5
withdrawGameKey,5
withdrawNFTWithData,5
withdrawRewards,5
wrap,5
wrapCFAMulti,5
accrueFeesAndDistribute,4
addAllocations,4
addBatchWhitelist,4
addEdition,4
addOrRemoveOneInchCaller,4
addReferrer,4
airdrop_single,4
airdropMany,4
airdropSBT,4
approveCustomTime,4
assignCoreAndRenounce,4
autoMint,4
bulkClaimMintReward,4
bundleBuy,4
burnAndLimitedMint,4
buyAndClaimTickets,4
buyNow,4
buyOption,4
castRefundableVoteWithReason,4
changeAssetInfo,4
changeTransitRouter,4
claimAllRewardsAndNotify,4
claimHideOut,4
claimNonCliff,4
create_boost,4
createAsk,4
createContract,4
createEdition,4
createPair,4
createReserve,4
createSplit,4
declareSellTax,4
deployCollection,4
deployProjectPayer,4
depositAlloyxDURATokens,4
devolve,4
enableDisableSaleToken,4
executorMint,4
follow,4
FREE_MINT_LIMIT_PER_WALLET,4
giftBatch,4
giveawayTicket,4
gmTokenMint,4
init,4
initiateNewRewardsProgram,4
issueNFT,4
metaClaimERC1155,4
mint_amount_for_public,4
mintBackpack,4
mintCollection,4
mintForAddressMultiple,4
mintLocker,4
mintOutcasts,4
mintPassport,4
mixSwap,4
morphOBI,4
nextEpoch,4
partialUnstake,4
partialVest,4
portfolioRedeem,4
provideInventory1155,4
refund,4
releaseTokens,4
repairCompanionBalance,4
repayAllUSDi,4
sellNft,4
sendLock,4
setAaveAddressProvider,4
setAddress,4
setaddressDev,4
setAllowListTime,4
setAshAddress,4
setAwardPerContestantPerMille,4
setBaseUri,4
setChangeAddr,4
setCID,4
setFactoryReserve,4
setFees,4
setFreeMintsAvailable,4
setMaster,4
setMaxTxnAmt,4
setMintAllowance,4
setOrder,4
setPrivilages,4
setProtocolFeeMantissa,4
setRemoveTxLimit,4
setRoot1,4
setSigner,4
setSingleMultiplier,4
setSpecificTokenUrl,4
setTokenProvider,4
setTrustedNFTVault,4
signOrder,4
stakeAndClaimCerts,4
stakeToken,4
stakeUnderlying,4
Swap,4
terminate,4
triggerRound,4
unStakeMany,4
updateAllowanceReceiver,4
updateBio,4
updateLockup,4
updateType,4
uploadWhitelist,4
whitelistSwitch,4
withdrawStuckETH,4
xcall,4
__NewBaseURI,3
addApproveWhiteList,3
addLargestPools,3
addManyBodies,3
addManyHeads,3
addRecipient,3
addRoutes,3
addStablesAddresses,3
addStrategies,3
addToPreSaleList,3
admin_withdraw_close,3
adminMintOverride,3
airDrops,3
airDropService,3
approveBurner,3
approveForTransfer,3
batchExecTransactions,3
batchSafeMint,3
batchSetFunctionApprovalBySignature,3
batchUnstakeNewGenerationFlower,3
batchUnstakeNFT,3
batchUpdateAllocPoint,3
bulkAirDrop,3
BurnRemainingWattsInPrizePool,3
buyBond,3
buyCover,3
buyToken,3
changeBuyFees,3
changeMaxTx,3
checkpoint_user,3
claim_tokens,3
claimAndStake,3
claimUser1,3
claimVesting,3
clone,3
collabBuy,3
collect,3
configureReserves,3
confirmAndExecute,3
createCopyContract,3
createMultipleSingleAuctions,3
createSLA,3
createTable,3
daoClaim,3
deployAndInit,3
deployOwnable,3
deployProxy,3
depositJobCredits,3
depositToCurve,3
devMint,3
enterNextPhase,3
EnterStake,3
escrowWithdrawal,3
executeAction,3
fillBasicERC721Orders,3
fillOrder,3
flagPass,3
flipPortalState,3
grant_admin,3
hegdbcjkaif,3
issue,3
leaveBoneyardMulti,3
lfg,3
liftMax,3
listItem,3
makePayment,3
manageTokens,3
membershipWithdraw,3
meWuntPridez,3
migrateGalacticApes,3
mintAirdrop,3
mintArtsie,3
mintCucunci,3
mintForPartnerAddress,3
mintOwner,3
mintYourPooPoo,3
nativeCheckout,3
newRound,3
noticeAirdrop,3
notifyAll,3
notifyOracleOfBlock,3
onboard,3
openMarkets,3
ownerSetContractURI,3
ownerSetSwapBackSettings,3
ownerUpdateSellFees,3
payEscrow,3
payOptionYield,3
portalOut,3
Presale_mint,3
publish,3
purchaseEdition,3
purchaseRight,3
raffleSamePrize,3
receiveAllInterest,3
recordData,3
recoverBalance,3
redeemFinalize,3
redeemToken,3
registerStrategy,3
removeOperational,3
repairNoundleBalance,3
repayBorrow,3
rescueNFT,3
rescure,3
revealOracle,3
safeDepositETH,3
safeFallback,3
safePublish,3
sellERC1155,3
sellfee,3
sendMultiple,3
sendTokenTo,3
setAddressState,3
setAdoptLimitBuzzlist,3
setAPIBaseURL,3
setAssetPriceGetterBatch,3
SetBaseURI,3
setBurnEnabledForRange,3
setBurningIsActive,3
setBuyTaxEnabled,3
setCardsForCategory,3
setCodec,3
setCouponOwner,3
setDefaultRouting,3
setEditionCutoffTime,3
setFee,3
setFixedCryptoFee,3
setFreeMintAllocation,3
setFundLockingTimestamp,3
setmaxPerTX,3
setMaxStakeDuration,3
setMC,3
setMintContract,3
setMintLimit,3
setMintManager,3
setMintTime,3
setNewApplyDeadline,3
setNtype,3
setOgOn,3
setOnlyExitLoan,3
setPackPriceWEI,3
setRaffleOpen,3
setSingleCardPriceWEI,3
setstandardTax,3
setStargatePoolId,3
setSuperTokenMinimumDeposit,3
setTeamWallets,3
setTokenPairTypes,3
setTokenUri,3
setTransferability,3
setUserIncentiveAddress,3
setWalletandTxtAmount,3
signedUnstake,3
submitAndConfirm,3
swapAndDeposit,3
swapExactTokensForFTM,3
swapTrading,3
sysReplaceDelegates,3
toggleCommunitySaleActive,3
toggleLimits,3
Token_Back_WL,3
transfer_noWalletLimit,3
transferCOMICS,3
transferForInvestment,3
transferItem,3
unBLa,3
unflagPass,3
unstakeUsers,3
upChain,3
updateChannel,3
updateDigits,3
updateJob,3
updateMaxTxnAmount,3
updateMerkle,3
updateSwapTokensAndMaxAmounts,3
updateVirtualPrice,3
updateWhiteList,3
userMint,3
whitelistMethodForProtocol,3
whitelistProtocol,3
__BatchApproveERC20,2
__NewRoot,2
__setBaseURI,2
AddAmmoId,2
addAvailableRouters,2
addDerivatives,2
addInstrument,2
addLegendary,2
addMembersToGroup,2
addMintPass,2
addOrModifyRaffleProject,2
addPrimitives,2
addReverseENSRecord,2
addSeries,2
addService,2
addShopxAdmin,2
addSupport,2
addTokenInBatches,2
addTrustedIssuer,2
addWhitelist,2
addWhiteListGroups,2
addWL,2
adjustCap,2
airdropSingle,2
approve7DaysLock,2
approveFastBurnLP,2
assignItem,2
attachBeeToNewGenFlower,2
auctionNFT,2
AutoLiquifies,2
batchAddDex,2
batchMintByOwner,2
batchUpdateRoyaltyFees,2
betNative,2
bridgeOutAndWithdraw,2
bulkRegister,2
BulkSendETH,2
buy_presale,2
BuyerFeeOnOff,2
buyNFT,2
buyNFTETH,2
cancelSellOrders,2
Change_Presale_Mint_Price,2
changeBorrowLimit,2
changeEthWallet,2
changeInterestRate,2
changeMintNum,2
changePercentages,2
changeSetting,2
changeSwapTypeMode,2
changeTokenURI,2
changeTransitAllowed,2
changeURLParams,2
claimDelegate,2
claimMediaNUGGSRewards,2
claimRight,2
claimTeam,2
claimTo,2
claimUnstake,2
claimVestingBatch,2
closeSeries,2
collectPendingRoyalties,2
configMAX_PER_TX_FREE,2
configmax_supply,2
contractLive,2
createBio,2
createBundleAuction,2
createCanonicalERC20Wrapper,2
createContractRaw,2
createERC4626,2
createEscrow,2
createGroupBuy,2
createItem,2
createMigrationRequest,2
createNewArtPiece,2
createSpaceToken,2
createStakingPool,2
CreateStandardToken,2
createWithRevokers,2
createZone,2
delegate,2
delegateCompLikeTo,2
deleverageAndWithdraw,2
deployCedarERC1155DropV4,2
deployERC20Minter,2
depositToTruefi,2
depositUsdt,2
devMintTo,2
emergencyRecover,2
emergencyWithdraw,2
enableBurnToMint,2
EnabledTrading,2
enterPhase,2
erc1155Airdrop,2
ethSendSameValue,2
exec_beginStake,2
execCallWithValue,2
executeCall_s1m,2
executeERC721ListingToRecipient,2
flashLoan,2
freezeRoot,2
fundVaultBalance,2
fzHoldersMint,2
giftMint,2
initializeDistributionRecord,2
initializeWithdrawal,2
initSale,2
khaosCallback,2
kingMint,2
kycAddress,2
launchProjectFor,2
liftLimits,2
limits,2
listBreedingWithMGDCToken,2
llif,2
makeNiftyMoves,2
maxTxAmount,2
mintAndListTokens,2
mintBorrow,2
mintButForFree,2
mintDaoNFT,2
mintFertilizer,2
mintGoldenBanana,2
minting,2
mintNft,2
mintPassports,2
mintPDF,2
multiApprove,2
multiCall,2
muskAddress,2
natureUltimate,2
oglistMint,2
orderNFT,2
ownerSetReceivers,2
paidbythepound,2
pauseWhiteList,2
paymentOrder,2
payRequestFromEscrow,2
payToMint,2
placeCardToAuction,2
prepare,2
processSignedProposal,2
processSigners,2
proposeDiamondCut,2
proxyTransfer,2
publishMintByAdmin,2
PurchaseAmmo,2
purchaseLargeOre,2
purchaseMouth,2
raffleMint,2
receiveNFT,2
redeemBondBatch,2
redeemETH,2
redeemTokens,2
registerJob,2
removeAdminPermission,2
removeAvailableRouters,2
removeGuardianOf,2
removeLegendary,2
removeLimitForAddress,2
removeListing,2
removeMaxLimits,2
requestStore,2
requestWithdrawETH,2
ReStake,2
returnBlock,2
returnLentFunds,2
reveal,2
revokeApproval,2
rmBot,2
rollToNextRound,2
saleStateToggle,2
saveWithdrawNative,2
SellerFeeOnOff,2
sendBatchFrom,2
sendERC721,2
sendToChain,2
sendToSafeHouse,2
setAccountOwner,2
setAdmin,2
setAdoptStatus,2
setAllowlistOnly,2
setApprovedForDepositOnBehalf,2
setBeneficiaryAndPercentage,2
setblockBan,2
setBoxURI,2
setBuyDevFees,2
setBuyRewardsTax,2
setColorMapping,2
setControllers,2
setCurrentClaim,2
setCurveFactory,2
setCustomNFTPrice,2
setDelegatedClaimer,2
setDepositSignatureCheck,2
setDiscordAndTwitter,2
setDrop,2
setDropURI,2
setExhibit,2
setFeeSell,2
setFreeMintIsActive,2
setIgnoredAddressBulk,2
setIsAllowlistSaleActive,2
setLimitFreeMintPerWallet,2
setMaxMintQuantityPerAddress,2
setMaxPublicMintPerWallet,2
setMaxSupply,2
setMaxTransferRates_Denominator1000,2
setMetadataUrl,2
setMimPool,2
setMinerCoefficient,2
setMintDestination,2
setMintingMin,2
setMintMaxLimit,2
setMode,2
setMultiTokenPrice,2
setNftInitialize,2
setNS,2
SetOpen,2
setOracleBorrowRates,2
setPool,2
setPreMerkleRoot,2
setProtocolFeeDefault,2
setPublicOpen,2
setRound0Offset,2
setRoundData,2
setRoyalty,2
setSellFee,2
setSellFees,2
setSetting,2
setSigners,2
setStartTime,2
setState,2
setTakeTransferfee,2
setTaxBuyer,2
setTeamMintEnabled,2
setTemplate,2
setTimezoneLocation,2
setTips,2
settleTrade,2
setTokenDetails,2
setTokensURIs,2
setTokenURI,2
setTxLimitAbsolute,2
setTxn,2
setTxSettings,2
setupAsset,2
setUriBase,2
setVictim,2
setVIPMinimumStakingHours,2
setWhitelist,2
setWhitelistedAddress,2
setWhitelistSaleEnable,2
setWLMintState,2
setWLSaleRoot,2
setZeroTaxMode,2
sign,2
signEthRecord,2
skipNonces,2
Sniper,2
spreadERC20Simple,2
stakeHeathen,2
startBuyout,2
startIRO,2
startMint,2
startTrading,2
storeERC20Data,2
storeERC721Data,2
swapAllAvailable,2
swapExactTokensForBNB,2
swapTokensGeneric,2
switchWhitelistStatus,2
sysAddDelegates,2
takeEpochSnapshot,2
tEaMmInT,2
toggleFreezeWithdraw,2
toggleWlMintStatus,2
trackerRescueETH20Tokens,2
tranGasToUser,2
transferAccounts,2
transferAllocation,2
udpadateBridge,2
unflagAddress,2
UNSTAKE_TYPEHASH,2
unstakeAllHeathen,2
unstakeBBD,2
unstakeCaveDino,2
unstakeDystoApez,2
updateCommitment,2
updateMaxSellTransaction,2
UpdateMaxWallet,2
updateMetadata,2
updatePrices,2
updateRoot,2
updateSaleConfigRoot,2
upgradeNFTToL2,2
userExitAllQuests,2
userLockNFT,2
withdrawalToken,2
withdrawByMainToken,2
withdrawJPEG,2
withdrawMPWR,2
withdrawNFT1155,2
withdrawNFT1155Alternative,2
withdrawShares,2
withdrawSoldStakeFunds,2
withdrawToNonLp,2
withdrawToPool,2
zapOutAndSwapEth,2
__ChangeArtistMintPasses,1
__ERC1155Rarible_init,1
__InitiateRefundsAndProceeds,1
__publicMint,1
__SetBaseURI,1
__WithdrawToAddress,1
_extendStake,1
_ipfsCid,1
_mintSingleNFT1,1
_ReadyLiq,1
_setAllowedTarget,1
_setAssetAggregator,1
_setCompBorrowSpeed,1
_setProposalThresholdStrict,1
_setUseProposalThresholdBPS,1
_wallet1_cut,1
acceptOfferForToken,1
activateNewBridge,1
activateRockstarRank,1
addAddressInfoNoDecimals,1
addAffiliate,1
addAllowed,1
addAsset,1
addBlueChipsPools,1
addCollection,1
addExchange,1
addLiquidityPoolToken,1
addLockProxy,1
addManyAccessories,1
addManyEyes,1
addManyMouths,1
addOG,1
addPoolInvestment,1
addPools,1
addProjectOwner,1
addPublicPool,1
addScriptChunk,1
addSequencer,1
addStory,1
addTaxFree,1
addToAF,1
addToEditionPartnerAddresses,1
addToInvestmentMapping,1
addUser401OptIn,1
addUsersToVestList,1
addVerifier,1
addVIPs,1
addWallets,1
addWatcher,1
addWhitelistAddress,1
addWrappedTokenInBatches,1
adminBurn,1
administrate,1
adminMintTo,1
adminSetLiquidityPool,1
airdropOwner,1
airdropToken,1
airDropTokens,1
allowApprovals,1
allowReflections,1
AMM,1
anySwapOutNative,1
approve15DaysLock,1
approve1DayLock,1
approve30DaysLock,1
approveForAllSeeds,1
approveStakingContract,1
areBots,1
attachPlugin,1
attachPublicKey,1
attestContributions,1
authorizeWallet,1
AutoCompound25a502142c1769f58abaabfe4f9f4e8b89d24513,1
baronDeclareAttack,1
batch_transfer_bnb,1
batchAridropNFT,1
batchInitReserve,1
batchMintWallet,1
batchSetDHIneligibleAccounts,1
batchVerification,1
batchWithdrawAllERC20,1
becomeLifetimeMember,1
becomeOneDayMember,1
bindAssetHashBatch,1
bindBridge,1
blockuser,1
boostAll,1
borrowLUSDLiquity,1
bridgeIn,1
bulkStake,1
bulkTransferSame,1
bundlePurchase,1
buyBundleAuction,1
buyERC1155Ex,1
buyMATICRewardsFee,1
buyNFTNormal,1
calculateEventParameters,1
cancel_boost,1
cancelFundingRequest,1
cancelInstrument,1
cancelSale,1
changeCallerAllowed,1
changeCommissionWallet,1
changeCooldown,1
changeDefaultTotalIntervals,1
changeGroom,1
changeMarketingFees,1
changeMinPositionCollateral,1
changeParallelIDAddress,1
changePresaleRootHash,1
changeRequireAllowed,1
changeRound,1
changeSaleStatus,1
changeSellFees,1
changeSupplyAmount,1
changeUIDAddress,1
changeURI,1
changeWrappedAllowed,1
chooseOre,1
chop,1
claimAndBurnDeri,1
claimArt,1
claimClaimlist,1
claimFees,1
claimFromDistributorAsCvxCrv,1
claimFromVaultAsCrv,1
claimHexmarket,1
claimMKVX,1
claimNerdz,1
claimRewardPeriod,1
claimWNCGRewards,1
closePartOfQuestPeriod,1
closePool,1
coalesce,1
comment,1
compoundFees,1
configFREE_MAX_SUPPLY,1
configNBAddresses,1
configure,1
connectPass,1
contributionReward,1
copyMintBerk,1
correctDepositedJPEG,1
CreatContract,1
createAirdrop,1
createAllowance,1
createCapsuleCollection,1
createConduit,1
createDefaultNftAuction,1
createLBP,1
createMapping,1
createNewPair,1
createOffer,1
createPool,1
CreateProposal,1
createStakeManual,1
createWrappedToken,1
createXanaliaCollection,1
Cweth,1
deployDCNTStaking,1
deployImplementation,1
deployKeep,1
deploySplitPlugin,1
deployUpgradeableModule,1
deployWrapper,1
depositAtMaturity,1
depositForUser,1
depositRequest,1
depositToMaple,1
devMintWithTokenURI,1
disableAllowlist,1
disableLimits,1
disableTeam,1
distribute,1
dodoFlashLoan,1
dropApe,1
editPercentages,1
enable_Isblacklist,1
enableBaseFee,1
enrootDeposit,1
enrootDeposits,1
enterStaking,1
erc20Checkout,1
excludeAddressFromLottery,1
excludeFromAllFeesAndLimits,1
excludeFromFeesBAT,1
excludeFromMaxSellLimit,1
excludeFromMaxSellTransaction,1
exitMarkets,1
exitPool,1
exitToUnderlying,1
failsafeWithdraw,1
fallbackMint,1
faucetForToken,1
fburn,1
finishRaffle,1
fixBaseURI,1
fixList,1
flagKey,1
flipPublicMintActive,1
flushLiquidity,1
freeMintStandard,1
fundCollection,1
fundInstrument,1
generalMint,1
getAllReferralBalance,1
getERC721BuyOrderHash,1
getPreview,1
giftNft,1
giveTokens,1
grantListVestedTokens,1
grantLockerRole,1
handleForfeitedBalance,1
handleRewards,1
HolderMint,1
infect,1
INFLATION_RATE,1
initializeCanonicalWrapperSuperTokens,1
initializePair,1
initializeProposalModels,1
initializeSmartVault,1
initiateRedeem,1
InitInfoOfSale,1
initLP,1
innitiateBridgeUpdate,1
instantPayment,1
invalidateOrder,1
issueKeyCards,1
jbikaecghdf,1
joinGangDefense,1
joinRoom,1
launch,1
lendAndStake,1
Lifttax,1
limitedMintPause,1
liquidateWithSingleRepayV2,1
lockMintContract,1
lockPhase,1
lockTo,1
magicGift,1
makeBet,1
manageOptions,1
managerVal,1
Manualswap,1
migrateContracts,1
migrateGenesisGapes,1
migrateZeroEx,1
mintAdmin,1
mintAllowlisted,1
mintAndTransfer,1
mintByMaster,1
mintByPassNFT,1
minterCurrentMints,1
mintForAddress,1
mintForPack,1
mintFreelist,1
mintFromAirdrop,1
mintHideOut,1
mintHonoraries,1
mintInternal,1
mintmightygojirasbyGOJ,1
mintMiners,1
mintMultiERC721Capsule,1
mintNext,1
mintNFTPreSale,1
mintOwnAddresses,1
mintPacks,1
mintParcels,1
mintPass,1
mintPreview,1
MintRasta,1
mintReservedBatch,1
mintReserveTokens,1
mintSingleERC721Capsule,1
mintStandard,1
mintTeamNFTs,1
mintTokenBatch,1
mintTokensOf,1
modifyAnAuctionToken,1
multiBlacklist,1
multiClaim,1
multiExcludeFromFee,1
multiRouteWithPermit,1
multisendBNB,1
mutateApeWithoutSerum,1
newCollection,1
onReward,1
openBoxes,1
openTrading,1
owner_setBlacklisted,1
ownerBatchMint,1
partialFungibleTokenUnlock,1
pausePublicSale,1
payERC20Beneficiary,1
payTheRoyalties,1
permitAccessLists,1
permitTransfer,1
pickWinner3,1
predict,1
processPack,1
proposeNewVaultImplementation,1
PROTOCOL_FEE_RECIPIENT,1
publicMintFirst,1
publicSwitch,1
pullToken,1
purchaseEC,1
purchaseEyes,1
rebakePizza,1
reconfigureFundingCyclesOf,1
redeemCC10LP,1
redeemFFFLP,1
redeemForETH,1
redeemIntoEther,1
RegisterAsset,1
registerParticipant,1
reinvestRewards,1
removeAssetManagers,1
removeDerivatives,1
removeExchange,1
removeLiquidityOneToken,1
removeRestrictions,1
repayAndWithdraw,1
replaceURI,1
reserved_for_whitelist,1
reserveGold,1
restoreTaxes,1
restoreToken,1
retrieve_earnings,1
returnLiquidity,1
revokeOffer,1
revokeTier2,1
reweight,1
rug_pull,1
safeBatchMint,1
saleSealed,1
sap,1
selfHarvest,1
seLimitAmounts,1
sendEthers,1
sendSmallMail,1
setActivePublic,1
setActiveStage,1
setAddressFee,1
setAdoptionPrice,1
setAllocations,1
setAllowanceMerkleRoot,1
setAllowedExecutor,1
setAllowlistSigningAddress,1
setAllowListStatus,1
setAllTwx,1
setAnimationTemplate,1
setApproveProxy,1
setArtlabId,1
setAssetPriceGetter,1
setAssetPrices,1
setBaseFeeProvider,1
setBaseFeesOnSell,1
setbaseTokenURI_EXT,1
setBaseTokenUriExt,1
setBatchURI,1
setBeeSupply,1
setBeneficiaries,1
setBezelContractAddress,1
setBgAdapterContractForBgNftContract,1
setBuyFees,1
setCalContract,1
setCanPhaseMint,1
setClaimEnd,1
setCollectionId,1
setCommissionPercent,1
setContractMethodWhiteList,1
setContracts,1
setDepositsActive,1
setDevFeePercent,1
setDevWalletPerMille,1
setDiamondCost,1
setDisableNFTChecks,1
setEntries,1
setERC1155Creator,1
setERC721Creator,1
setEscrowAddress,1
setEthUnstakeFee,1
setFeeETH,1
setFeeProtocolToken,1
setFeeSeller,1
setFromContractWhiteList,1
setGasUsedByPost,1
setGlobalRoyalty,1
setGrazingPeriodTime,1
setGridPrice,1
sethiddenMetadataURI,1
setHubAddress,1
setICALcore,1
setInitialProject,1
setINKz,1
setInterfaces,1
setInternalAddresses,1
setIsDisabledExempt,1
setIsLockDisplay,1
setisStakingActive,1
setItemPricePublic,1
setKibaTreasury,1
setlargeReward,1
setLazyMintConfig,1
setLogoUrl,1
setLpNukeEnabled,1
setManager,1
setMarketingAdres,1
setMAX_WL_TOKENS_PER_ADDRESS,1
setMaxBuyAmountPercent,1
setMaxComponents,1
setMaxCount,1
setMaxHoldingPercents,1
setMaxMintedAmount,1
setMaxPerFreeWallet,1
setMaxTeamMintAmountPerWallet,1
setMaxTicketAmount,1
setMaxTokenIdPerPhase,1
setMaxTokensWithFeePerTx,1
setMaxWhitelistMintAmountPerWallet,1
setMinBidIncrementPercentage,1
setMinimumNominationDollarAmount,1
setMinimumStakingHours,1
setMintDates,1
setMinterLimit,1
setMintEventConfig,1
setMintFee,1
setMintsEnabled,1
setMintStage,1
setMulTXExempt,1
setMyInviter,1
setNames,1
setNestingOpen,1
setNewURI,1
setNFTDescriptor,1
setNftTokenPrice,1
setNotRevealedUrl,1
setOGmerkleroot,1
setOneInchRouter,1
setOpenerList,1
setOperationsAddress,1
setOperatorRegistry,1
setOracleSigner,1
setOrderLifetime,1
setOutletRecipient,1
setPaidMintIsActive,1
setPassportData,1
setPathCount,1
setPhase,1
setPhaseId,1
setPortfolioImplementation,1
setPositionHandler,1
setPPPConfig,1
setPremiumMerkleRoot,1
setPrepayBuffer,1
setPreSalePaused,1
setPresaleStartTime,1
setPricePerTokenAllowlist,1
setProjectWinner,1
setProvenanceRecord,1
setPublicMintStart,1
setPublicSaleMintPrice,1
setRandom,1
SetReceiver,1
setReferenceInstance,1
setReferralFees,1
setReflectionRewards,1
setRefundConfig,1
setRegistryAddress,1
setRemote,1
setRemoteRfqContracts,1
setReserveContractAddress,1
setReveal,1
setRevealed,1
setRewardManager,1
setRouters,1
setRoyaltiesByTokenAndTokenId,1
setSalaryAddress,1
setSCmax,1
setSellingEnabled,1
setSellRewardsTax,1
setSelTaxes,1
setSettler,1
setSharedTokenHolders,1
setShareLockPeriod,1
setShares,1
setStableCoins,1
setStakeManage,1
setStrategyInfo,1
setSubFactory,1
setTaxes,1
setTaxRates,1
settleAndStake,1
setTokenContracts,1
setTokenIdPadding,1
setTokenInfoContract,1
setTokenMeta,1
setTokenRewardMultiplier,1
setUpAuction,1
setupDepositRole,1
setupFees,1
setupValues,1
setUri,1
setV3Migrator,1
setVestedTokenPrice,1
setVipTokenIds,1
setWhitelistedTargets,1
setWithdrawRecipient,1
setWlController,1
setWLMearkleRoot,1
setWLmerkleroot,1
sortPools,1
stakeBatchC3,1
stakeCorgis,1
stakeGen0,1
stakeLP,1
stakeRewardPeriod,1
stakeRewards,1
stakeWith90Days,1
startReveal,1
startStream,1
StartTrading,1
summonMinion,1
sumthinboutfunds,1
swapTokensForExactBNB,1
sweepToTreasury,1
takeProfit,1
teamMessage,1
testFailStorageConst,1
toggleCollectionSale,1
toggleOGSaleStatus,1
togglePublic1Sale,1
tokensByRound,1
ToolBox_RescueTokens,1
tradePause,1
TransferEx,1
transferExecutorship,1
transferFundsETH,1
transferUSDC,1
UnderInvestigation,1
unkycAddress,1
unlockFrom,1
unlockTo,1
unobserve,1
unpauseExecution,1
unstakeAsOwner,1
unstakeTokensById,1
updateApplyDeadline,1
updateBaseInfoURI,1
updateDividendInclusion,1
updatefeeAddress,1
updateInstrument,1
updateIsBot,1
updatelimit,1
updateListing,1
updateMaxTransactAmount,1
updateMetadataUri,1
updatePoolData,1
updateProjectBaseUri,1
updateRoyaltyConfig,1
updateTokensPrice,1
updateTradingParams,1
updateTransferFee,1
updateVaultImplementation,1
upgradeImplementations,1
upgradeNFTToL3,1
upload,1
userBurnNFT,1
userWithdraw,1
validateDeposits,1
validateMessage,1
validateTransaction,1
Vault__AddressZero,1
vote,1
vrfRequest,1
withdrawAllERC20ToSafeAddress,1
withdrawAtMaturity,1
withdrawERC20ToSafeAddress,1
withdrawETHFromAll,1
withdrawStardust,1
withdrawTaskApproval,1
withdrawToSafeAddress,1
wl_mint,1
wlMint,1
wrapAndBorrow,1
wrapNative,1
xbot,1
zapIntoBatch,1
